Student_ID,Gender,Age,Stream,Attendance,Study_Hours,Internal_Marks,Final_Marks,Assignments_Submitted,Parental_Education,Internet_Access,CGPA,Pass,Attendance_Band,Study_Bucket,Attendance_s,Study_s,Internal_s,CGPA_s
S1000,Male,24,Mech,74,3.4,4,14,3,Low,Yes,7.92,0,Moderate,High,-0.10593428652772721,0.2574225105009903,-1.3166188628427595,1.0089114841668059
S1001,Female,22,Mech,87,1.4,12,81,1,High,Yes,4.51,1,High,Medium,0.8036731935650453,-0.9730866219129208,-0.39380907637508156,-0.17560755242134057
S1002,Male,22,Mech,61,1.0,3,31,1,Low,No,1.83,0,Moderate,Low,-1.0155417666204998,-1.2191884483957032,-1.4319700861512195,-1.1065491999451622
S1003,Male,24,ECE,72,3.9,16,74,1,Medium,Yes,8.55,1,Moderate,High,-0.2458738988496922,0.565049793604468,0.06759581685875746,1.227752244592182
S1004,Male,18,ECE,91,2.0,2,19,3,Medium,Yes,8.83,0,Very_High,Medium,1.0835524182089753,-0.6039338821887474,-1.5473213094596792,1.3250148047812378
S1005,Female,20,EEE,71,3.5,16,87,0,Medium,No,4.66,1,Moderate,High,-0.3158437050106747,0.3189479671216859,0.06759581685875746,-0.12350260946291759
S1006,Male,19,CSE,70,2.6,27,14,3,Low,No,0.76,0,Moderate,Medium,-0.3858135111716572,-0.23478114246457407,1.3364592732518148,-1.4782311263819121
S1007,Male,18,Mech,76,5.9,10,47,1,High,Yes,3.88,1,High,High,0.03400532579423779,1.7955589260183795,-0.6245115229920011,-0.39444831284671655
S1008,Male,19,CSE,80,0.9,30,70,4,High,No,8.04,1,High,Low,0.31388455043816776,-1.2807139050163987,1.6825129431771941,1.0505954385335439
S1009,Female,24,CSE,55,2.8,20,20,2,Low,No,9.02,0,Low,Medium,-1.4353606035863946,-0.11173022922318313,0.5290007100925965,1.39101439919524
S1010,Male,23,EEE,76,4.1,19,41,7,Medium,Yes,2.03,1,High,High,0.03400532579423779,0.688100706845859,0.4136494867841367,-1.037075942667265
S1011,Male,19,Mech,89,2.4,22,25,3,High,No,0.67,0,High,Medium,0.9436128058870102,-0.3578320557059653,0.7597031567095159,-1.5094940921569657
S1012,Male,20,Mech,83,5.8,20,13,0,Medium,No,8.77,0,High,High,0.5237939689211153,1.7340334693976835,0.5290007100925965,1.3041728275978686
S1013,Male,23,Civil,61,4.3,25,56,0,Low,Yes,3.89,1,Moderate,High,-1.0155417666204998,0.8111516200872503,1.1057568266348952,-0.3909746499828216
S1014,Female,19,CSE,94,3.9,29,36,9,Medium,No,5.42,0,Very_High,High,1.2934618366919228,0.565049793604468,1.5671617198687342,0.14049576819309148
S1015,Male,24,CSE,56,4.5,3,57,2,High,Yes,9.68,1,Low,High,-1.3653907974254123,0.9342025333286414,-1.4319700861512195,1.6202761482123005
S1016,Female,23,ECE,59,5.7,1,20,8,High,Yes,0.67,0,Low,High,-1.1554813789424647,1.6725080127769882,-1.6626725327681389,-1.5094940921569657
S1017,Female,24,Civil,94,5.4,19,81,6,Medium,No,6.48,1,Very_High,High,1.2934618366919228,1.4879316429149017,0.4136494867841367,0.5087040317659465
S1018,Female,19,ECE,66,4.3,15,68,1,Low,No,0.74,1,Moderate,High,-0.6656927358155872,0.8111516200872503,-0.0477554064497023,-1.4851784521097016
S1019,Male,24,ECE,75,4.5,27,2,8,Medium,No,3.75,0,Moderate,High,-0.03596448036674471,0.9342025333286414,1.3364592732518148,-0.43960593007734966
S1020,Female,20,ECE,70,0.9,17,86,9,Low,Yes,8.04,1,Moderate,Low,-0.3858135111716572,-1.2807139050163987,0.18294704016721722,1.0505954385335439
S1021,Male,19,EEE,77,0.6,7,89,1,Medium,No,4.33,1,High,Low,0.10397513195522029,-1.4652902748784853,-0.9705651929173803,-0.2381334839714479
S1022,Female,19,EEE,95,3.4,2,36,2,High,Yes,9.97,0,Very_High,High,1.3634316428529052,0.2574225105009903,-1.5473213094596792,1.7210123712652516
S1023,Female,19,ECE,51,0.1,8,87,10,Low,No,5.59,1,Low,Low,-1.7152398282303247,-1.772917557981963,-0.8552139696089206,0.19954803687930403
S1024,Female,18,Civil,92,2.9,28,48,9,Low,No,3.21,1,Very_High,Medium,1.1535222243699577,-0.05020477260248751,1.4518104965602745,-0.6271837247276719
S1025,Female,18,CSE,50,1.3,19,18,1,Low,No,2.2,0,Low,Medium,-1.785209634391307,-1.0346120785336164,0.4136494867841367,-0.9780236739810524
S1026,Female,18,Civil,100,2.1,28,88,2,High,Yes,3.51,1,Very_High,Medium,1.7132806736578177,-0.5424084255680519,1.4518104965602745,-0.5229738388108263
S1027,Female,20,Mech,85,4.7,5,84,5,Medium,No,3.73,1,High,High,0.6637335812430802,1.0572534465700327,-1.2012676395342998,-0.4465532558051394
S1028,Female,23,EEE,100,5.6,9,11,8,High,No,0.69,0,Very_High,High,1.7132806736578177,1.6109825561562925,-0.7398627463004608,-1.502546766429176
S1029,Female,24,CSE,75,0.4,20,60,8,Low,Yes,3.7,1,Moderate,Low,-0.03596448036674471,-1.5883411881198766,0.5290007100925965,-0.4569742443968239
S1030,Male,22,CSE,78,3.2,9,40,6,Medium,Yes,4.64,1,High,High,0.1739449381162028,0.13437159725959932,-0.7398627463004608,-0.13044993519070747
S1031,Male,19,Mech,70,5.3,12,32,2,High,No,7.23,0,Moderate,High,-0.3858135111716572,1.426406186294206,-0.39380907637508156,0.7692287465580608
S1032,Female,24,Mech,60,0.5,16,49,3,Low,No,6.57,1,Low,Low,-1.0855115727814821,-1.5268157314991808,0.06759581685875746,0.5399669975410002
S1033,Female,19,ECE,89,4.9,8,67,5,Low,No,7.09,1,High,High,0.9436128058870102,1.180304359811424,-0.8552139696089206,0.7205974664635326
S1034,Female,20,EEE,60,2.1,16,70,10,High,Yes,0.08,1,Low,Medium,-1.0855115727814821,-0.5424084255680519,0.06759581685875746,-1.714440201126762
S1035,Male,19,EEE,85,1.9,23,85,4,High,Yes,2.18,1,High,Medium,0.6637335812430802,-0.6654593388094431,0.8750543800179758,-0.9849709997088422
S1036,Female,18,Civil,98,5.9,8,32,1,High,Yes,6.62,0,Very_High,High,1.5733410613358527,1.7955589260183795,-0.8552139696089206,0.5573353118604744
S1037,Male,22,ECE,88,1.2,8,80,5,Low,Yes,4.84,1,High,Medium,0.8736429997260278,-1.096137535154312,-0.8552139696089206,-0.06097667791281026
S1038,Male,21,ECE,89,4.2,0,23,2,High,No,0.05,0,High,High,0.9436128058870102,0.7496261634665549,-1.7780237560765986,-1.724861189718447
S1039,Male,19,ECE,84,4.9,1,60,7,Low,Yes,8.04,1,High,High,0.5937637750820978,1.180304359811424,-1.6626725327681389,1.0505954385335439
S1040,Male,24,ECE,83,0.2,27,60,1,High,Yes,7.73,1,High,Low,0.5237939689211153,-1.7113921013612674,1.3364592732518148,0.9429118897528037
S1041,Male,18,EEE,96,4.0,15,97,0,Low,Yes,5.48,1,Very_High,High,1.4334014490138878,0.6265752502251637,-0.0477554064497023,0.1613377453764608
S1042,Female,21,EEE,73,5.7,28,27,8,Low,No,0.66,0,Moderate,High,-0.1759040926887097,1.6725080127769882,1.4518104965602745,-1.5129677550208604
S1043,Female,22,ECE,71,0.7,0,57,2,Medium,No,7.67,1,Moderate,Low,-0.3158437050106747,-1.40376481825779,-1.7780237560765986,0.9220699125694344
S1044,Female,21,Civil,54,5.4,9,42,10,High,Yes,5.84,1,Low,High,-1.5053304097473772,1.4879316429149017,-0.7398627463004608,0.28638960847667544
S1045,Female,18,CSE,82,3.6,17,40,0,High,Yes,7.82,1,High,High,0.45382416276013277,0.3804734237423815,0.18294704016721722,0.9741748555278573
S1046,Female,23,CSE,85,3.7,25,38,6,Low,No,7.52,0,High,High,0.6637335812430802,0.4419988803630771,1.1057568266348952,0.8699649696110113
S1047,Male,23,Civil,96,3.7,27,85,9,Low,No,8.03,1,Very_High,High,1.4334014490138878,0.4419988803630771,1.3364592732518148,1.047121775669649
S1048,Female,21,ECE,69,1.8,7,48,4,Low,No,5.18,1,Moderate,Medium,-0.4557833173326397,-0.7269847954301386,-0.9705651929173803,0.057127859459614835
S1049,Female,20,EEE,68,5.6,20,16,4,Medium,No,1.4,0,Moderate,High,-0.5257531234936222,1.6109825561562925,0.5290007100925965,-1.255916703092641
S1050,Male,24,CSE,84,5.7,27,97,0,Medium,No,6.71,1,High,High,0.5937637750820978,1.6725080127769882,1.3364592732518148,0.5885982776355281
S1051,Female,24,Mech,92,3.8,10,69,8,Low,No,6.2,1,Very_High,High,1.1535222243699577,0.5035243369837724,-0.6245115229920011,0.4114414715768904
S1052,Male,21,Mech,66,4.7,22,69,6,High,No,7.42,1,Moderate,High,-0.6656927358155872,1.0572534465700327,0.7597031567095159,0.8352283409720629
S1053,Female,19,Civil,94,3.7,1,97,7,High,No,1.7,1,Very_High,High,1.2934618366919228,0.4419988803630771,-1.6626725327681389,-1.1517068171757954
S1054,Male,19,ECE,92,2.9,7,64,8,Medium,Yes,1.95,1,Very_High,Medium,1.1535222243699577,-0.05020477260248751,-0.9705651929173803,-1.0648652455784238
S1055,Female,24,CSE,83,4.0,26,73,5,Medium,Yes,8.9,1,High,High,0.5237939689211153,0.6265752502251637,1.221108049943355,1.349330444828502
S1056,Female,24,ECE,58,3.3,21,84,4,Low,Yes,7.5,1,Low,High,-1.225451185103447,0.19589705388029466,0.6443519334010562,0.8630176438832218
S1057,Male,23,CSE,75,3.6,7,4,5,High,Yes,9.08,0,Moderate,High,-0.03596448036674471,0.3804734237423815,-0.9705651929173803,1.4118563763786092
S1058,Male,20,Civil,51,4.7,16,1,10,Low,Yes,7.59,0,Low,High,-1.7152398282303247,1.0572534465700327,0.06759581685875746,0.8942806096582755
S1059,Male,18,Civil,58,2.9,14,21,1,Medium,Yes,5.97,0,Low,Medium,-1.225451185103447,-0.05020477260248751,-0.16310662975816206,0.33154722570730855
S1060,Male,19,Mech,58,0.2,16,56,3,High,No,6.54,1,Low,Low,-1.225451185103447,-1.7113921013612674,0.06759581685875746,0.5295460089493155
S1061,Male,24,ECE,89,1.0,27,65,2,High,No,8.89,1,High,Low,0.9436128058870102,-1.2191884483957032,1.3364592732518148,1.3458567819646072
S1062,Male,23,Mech,66,2.6,22,73,6,Medium,Yes,5.79,1,Moderate,Medium,-0.6656927358155872,-0.23478114246457407,0.7597031567095159,0.2690212941572012
S1063,Male,22,ECE,50,4.3,23,97,8,Low,Yes,6.32,1,Low,High,-1.785209634391307,0.8111516200872503,0.8750543800179758,0.45312542594362876
S1064,Male,23,Mech,74,3.6,12,15,4,Low,No,1.56,0,Moderate,High,-0.10593428652772721,0.3804734237423815,-0.39380907637508156,-1.2003380972703233
S1065,Female,19,EEE,92,3.9,18,50,5,High,No,4.74,1,Very_High,High,1.1535222243699577,0.565049793604468,0.29829826347567695,-0.0957133065517587
S1066,Female,19,EEE,89,2.9,4,38,9,Medium,No,7.16,0,High,Medium,0.9436128058870102,-0.05020477260248751,-1.3166188628427595,0.7449131065107967
S1067,Male,23,EEE,91,3.7,11,85,1,High,Yes,2.71,1,Very_High,High,1.0835524182089753,0.4419988803630771,-0.5091602996835414,-0.8008668679224148
S1068,Female,18,EEE,74,2.0,0,75,2,Medium,No,2.02,1,Moderate,Medium,-0.10593428652772721,-0.6039338821887474,-1.7780237560765986,-1.0405496055311598
S1069,Female,21,CSE,88,2.8,22,87,2,Low,Yes,3.14,1,High,Medium,0.8736429997260278,-0.11173022922318313,0.7597031567095159,-0.6514993647749359
S1070,Female,19,EEE,84,4.5,4,39,8,Medium,Yes,2.42,0,High,High,0.5937637750820978,0.9342025333286414,-1.3166188628427595,-0.9016030909753656
S1071,Female,23,Civil,52,5.2,7,37,6,Low,No,2.15,0,Low,High,-1.6452700220693421,1.3648807296735106,-0.9705651929173803,-0.9953919883005268
S1072,Male,24,Civil,99,2.6,12,59,7,Medium,No,4.25,1,Very_High,Medium,1.6433108674968353,-0.23478114246457407,-0.39380907637508156,-0.2659227868826068
S1073,Female,23,CSE,86,0.3,7,58,10,High,Yes,9.08,1,High,Low,0.7337033874040627,-1.649866644740572,-0.9705651929173803,1.4118563763786092
S1074,Male,20,EEE,93,1.0,24,9,9,Low,No,5.07,0,Very_High,Low,1.2234920305309402,-1.2191884483957032,0.9904056033264355,0.018917567956771606
S1075,Female,21,EEE,93,0.1,22,98,10,High,No,1.88,1,Very_High,Low,1.2234920305309402,-1.772917557981963,0.7597031567095159,-1.089180885625688
S1076,Female,22,EEE,100,3.9,10,63,8,High,Yes,0.77,1,Very_High,High,1.7132806736578177,0.565049793604468,-0.6245115229920011,-1.4747574635180172
S1077,Female,18,Mech,79,2.0,0,62,5,Low,No,6.96,1,High,Medium,0.2439147442771853,-0.6039338821887474,-1.7780237560765986,0.6754398492328995
S1078,Male,22,ECE,87,3.3,12,48,3,Low,Yes,3.83,1,High,High,0.8036731935650453,0.19589705388029466,-0.39380907637508156,-0.4118166271661908
S1079,Female,21,Mech,83,3.0,18,63,0,High,Yes,8.22,1,High,Medium,0.5237939689211153,0.011320684018208103,0.29829826347567695,1.1131213700836518
S1080,Male,21,ECE,61,0.5,23,31,7,High,No,6.6,0,Moderate,Low,-1.0155417666204998,-1.5268157314991808,0.8750543800179758,0.5503879861326846
S1081,Female,21,EEE,68,2.4,2,6,6,High,Yes,7.96,0,Moderate,Medium,-0.5257531234936222,-0.3578320557059653,-1.5473213094596792,1.0228061356223852
S1082,Male,22,EEE,86,1.3,23,20,1,High,Yes,2.72,0,High,Medium,0.7337033874040627,-1.0346120785336164,0.8750543800179758,-0.7973932050585198
S1083,Female,24,Mech,93,2.5,16,19,7,Low,No,6.92,0,Very_High,Medium,1.2234920305309402,-0.2963065990852697,0.06759581685875746,0.66154519777732
S1084,Male,21,Mech,98,1.2,4,25,4,Low,No,2.64,0,Very_High,Medium,1.5733410613358527,-1.096137535154312,-1.3166188628427595,-0.8251825079696787
S1085,Male,23,ECE,66,5.0,19,67,6,High,No,9.39,1,Moderate,High,-0.6656927358155872,1.2418298164321193,0.4136494867841367,1.51953992515935
S1086,Female,22,Civil,59,1.0,20,85,3,Medium,Yes,6.36,1,Low,Low,-1.1554813789424647,-1.2191884483957032,0.5290007100925965,0.4670200773992082
S1087,Male,21,ECE,98,5.8,7,14,4,Medium,Yes,3.25,0,Very_High,High,1.5733410613358527,1.7340334693976835,-0.9705651929173803,-0.6132890732720925
S1088,Female,23,Mech,96,2.5,25,84,7,Low,No,2.7,1,Very_High,Medium,1.4334014490138878,-0.2963065990852697,1.1057568266348952,-0.8043405307863096
S1089,Female,24,Mech,61,5.1,30,78,0,High,Yes,1.91,1,Moderate,High,-1.0155417666204998,1.3033552730528146,1.6825129431771941,-1.0787598970340033
S1090,Female,20,CSE,65,3.8,13,85,0,High,No,6.95,1,Moderate,High,-0.7356625419765697,0.5035243369837724,-0.2784578530666218,0.6719661863690047
S1091,Female,24,Mech,73,4.4,3,91,3,Low,No,2.19,1,Moderate,High,-0.1759040926887097,0.8726770767079461,-1.4319700861512195,-0.9814973368449473
S1092,Female,21,CSE,68,4.6,10,13,2,Medium,Yes,5.95,0,Moderate,High,-0.5257531234936222,0.9957279899493369,-0.6245115229920011,0.324599899979519
S1093,Female,22,Civil,57,3.0,19,26,9,Medium,No,2.65,0,Low,Medium,-1.2954209912644297,0.011320684018208103,0.4136494867841367,-0.821708845105784
S1094,Female,19,ECE,80,3.3,14,39,1,Medium,Yes,6.62,0,High,High,0.31388455043816776,0.19589705388029466,-0.16310662975816206,0.5573353118604744
S1095,Female,21,ECE,70,3.1,18,57,2,Low,Yes,8.15,1,Moderate,High,-0.3858135111716572,0.07284614063890371,0.29829826347567695,1.0888057300363876
S1096,Female,19,CSE,66,3.5,6,27,10,Medium,No,7.78,0,Moderate,High,-0.6656927358155872,0.3189479671216859,-1.0859164162258401,0.9602802040722779
S1097,Female,23,ECE,72,0.2,18,25,10,Low,Yes,7.61,0,Moderate,Low,-0.2458738988496922,-1.7113921013612674,0.29829826347567695,0.9012279353860654
S1098,Female,20,Mech,86,2.4,27,62,10,Low,No,1.88,1,High,Medium,0.7337033874040627,-0.3578320557059653,1.3364592732518148,-1.089180885625688
S1099,Male,18,EEE,65,3.6,18,65,0,High,Yes,0.88,1,Moderate,High,-0.7356625419765697,0.3804734237423815,0.29829826347567695,-1.4365471720151737
S1100,Male,24,CSE,55,3.6,10,24,0,Medium,Yes,6.99,0,Low,High,-1.4353606035863946,0.3804734237423815,-0.6245115229920011,0.6858608378245842
S1101,Female,20,ECE,57,4.8,25,2,5,Low,Yes,3.68,0,Low,High,-1.2954209912644297,1.118778903190728,1.1057568266348952,-0.4639215701246136
S1102,Female,21,CSE,74,3.9,4,71,4,Medium,No,4.32,1,Moderate,High,-0.10593428652772721,0.565049793604468,-1.3166188628427595,-0.24160714683534268
S1103,Female,19,CSE,67,6.0,4,43,7,Medium,Yes,0.31,1,Moderate,High,-0.5957229296546047,1.8570843826390748,-1.3166188628427595,-1.6345459552571806
S1104,Female,24,EEE,74,1.7,29,96,1,High,No,2.6,1,Moderate,Medium,-0.10593428652772721,-0.7885102520508341,1.5671617198687342,-0.8390771594252582
S1105,Female,19,Mech,61,2.2,21,41,3,Medium,Yes,0.34,1,Moderate,Medium,-1.0155417666204998,-0.48088296894735627,0.6443519334010562,-1.624124966665496
S1106,Female,22,CSE,64,2.3,7,98,7,High,Yes,8.79,1,Moderate,Medium,-0.8056323481375521,-0.4193575123266609,-0.9705651929173803,1.311120153325658
S1107,Female,19,ECE,75,2.8,9,5,5,Low,No,2.43,0,Moderate,Medium,-0.03596448036674471,-0.11173022922318313,-0.7398627463004608,-0.8981294281114708
S1108,Female,22,Civil,90,5.0,5,38,0,Medium,No,5.57,0,High,High,1.0135826120479927,1.2418298164321193,-1.2012676395342998,0.19260071115151448
S1109,Male,23,CSE,94,1.4,14,51,3,Low,No,0.39,1,Very_High,Medium,1.2934618366919228,-0.9730866219129208,-0.16310662975816206,-1.6067566523460217
S1110,Female,24,CSE,75,4.7,15,22,0,Medium,No,6.67,0,Moderate,High,-0.03596448036674471,1.0572534465700327,-0.0477554064497023,0.5747036261799486
S1111,Male,24,EEE,96,2.4,27,88,1,Low,No,3.23,1,Very_High,Medium,1.4334014490138878,-0.3578320557059653,1.3364592732518148,-0.6202363989998823
S1112,Female,18,Mech,81,3.6,16,49,4,Medium,Yes,8.98,1,High,High,0.3838543565991503,0.3804734237423815,0.06759581685875746,1.3771197477396608
S1113,Female,21,Civil,59,3.8,30,42,7,Medium,Yes,8.88,1,Low,High,-1.1554813789424647,0.5035243369837724,1.6825129431771941,1.3423831191007123
S1114,Male,22,ECE,65,2.2,7,18,7,Medium,No,3.25,0,Moderate,Medium,-0.7356625419765697,-0.48088296894735627,-0.9705651929173803,-0.6132890732720925
S1115,Female,18,Civil,56,3.1,7,68,10,Medium,Yes,9.01,1,Low,High,-1.3653907974254123,0.07284614063890371,-0.9705651929173803,1.3875407363313452
S1116,Male,19,ECE,66,2.5,24,50,2,Medium,Yes,9.96,1,Moderate,Medium,-0.6656927358155872,-0.2963065990852697,0.9904056033264355,1.717538708401357
S1117,Female,19,Mech,72,0.4,8,10,10,Medium,Yes,8.25,0,Moderate,Low,-0.2458738988496922,-1.5883411881198766,-0.8552139696089206,1.1235423586753361
S1118,Female,18,ECE,75,2.6,1,11,3,Medium,No,8.45,0,Moderate,Medium,-0.03596448036674471,-0.23478114246457407,-1.6626725327681389,1.193015615953233
S1119,Male,24,EEE,70,0.6,14,73,9,Medium,Yes,2.49,1,Moderate,Low,-0.3858135111716572,-1.4652902748784853,-0.16310662975816206,-0.8772874509281016
S1120,Female,19,EEE,71,2.4,17,7,10,Medium,Yes,5.77,0,Moderate,Medium,-0.3158437050106747,-0.3578320557059653,0.18294704016721722,0.2620739684294114
S1121,Male,23,EEE,56,3.6,2,23,5,Low,Yes,0.67,0,Low,High,-1.3653907974254123,0.3804734237423815,-1.5473213094596792,-1.5094940921569657
S1122,Female,23,EEE,63,3.5,16,91,10,High,No,0.95,1,Moderate,High,-0.8756021542985347,0.3189479671216859,0.06759581685875746,-1.4122315319679095
S1123,Male,18,Civil,64,4.0,3,40,10,Medium,Yes,9.99,1,Moderate,High,-0.8056323481375521,0.6265752502251637,-1.4319700861512195,1.7279596969930413
S1124,Male,22,Mech,56,0.6,29,35,9,High,Yes,3.27,0,Low,Low,-1.3653907974254123,-1.4652902748784853,1.5671617198687342,-0.6063417475443028
S1125,Female,22,ECE,58,3.9,3,100,2,Medium,No,7.48,1,Low,High,-1.225451185103447,0.565049793604468,-1.4319700861512195,0.8560703181554322
S1126,Female,18,ECE,100,1.9,13,84,1,Medium,No,8.07,1,Very_High,Medium,1.7132806736578177,-0.6654593388094431,-0.2784578530666218,1.0610164271252287
S1127,Male,22,EEE,97,2.4,8,71,5,Low,Yes,8.58,1,Very_High,Medium,1.5033712551748701,-0.3578320557059653,-0.8552139696089206,1.2381732331838664
S1128,Female,24,EEE,57,5.1,8,54,10,Low,Yes,9.98,1,Low,High,-1.2954209912644297,1.3033552730528146,-0.8552139696089206,1.7244860341291466
S1129,Female,24,CSE,99,0.1,24,8,4,High,No,2.41,0,Very_High,Low,1.6433108674968353,-1.772917557981963,0.9904056033264355,-0.9050767538392605
S1130,Female,22,Mech,72,3.5,25,46,9,Low,No,0.4,1,Moderate,High,-0.2458738988496922,0.3189479671216859,1.1057568266348952,-1.6032829894821268
S1131,Male,23,Civil,78,3.6,22,14,4,Low,No,4.11,0,High,High,0.1739449381162028,0.3804734237423815,0.7597031567095159,-0.31455406697713467
S1132,Male,22,ECE,67,2.4,29,47,9,High,No,1.3,1,Moderate,Medium,-0.5957229296546047,-0.3578320557059653,1.5671617198687342,-1.2906533317315898
S1133,Male,24,CSE,80,1.4,30,81,4,Low,No,0.22,1,High,Medium,0.31388455043816776,-0.9730866219129208,1.6825129431771941,-1.6658089210322342
S1134,Male,20,CSE,79,1.4,17,41,9,Medium,No,3.6,1,High,Medium,0.2439147442771853,-0.9730866219129208,0.18294704016721722,-0.4917108730357725
S1135,Male,21,ECE,88,5.3,9,59,4,High,No,7.84,1,High,High,0.8736429997260278,1.426406186294206,-0.7398627463004608,0.9811221812556469
S1136,Male,19,Civil,84,2.7,20,83,2,High,Yes,5.66,1,High,Medium,0.5937637750820978,-0.17325568584387846,0.5290007100925965,0.22386367692656814
S1137,Male,20,CSE,67,2.0,3,69,6,Medium,No,3.13,1,Moderate,Medium,-0.5957229296546047,-0.6039338821887474,-1.4319700861512195,-0.6549730276388308
S1138,Male,22,CSE,91,2.7,11,11,5,Low,No,6.54,0,Very_High,Medium,1.0835524182089753,-0.17325568584387846,-0.5091602996835414,0.5295460089493155
S1139,Male,23,Mech,88,4.0,26,1,3,High,Yes,2.32,0,High,High,0.8736429997260278,0.6265752502251637,1.221108049943355,-0.9363397196143143
S1140,Female,18,Civil,66,0.9,7,6,1,High,No,0.14,0,Moderate,Low,-0.6656927358155872,-1.2807139050163987,-0.9705651929173803,-1.693598223943393
S1141,Male,22,CSE,63,2.7,1,79,8,Medium,No,7.64,1,Moderate,Medium,-0.8756021542985347,-0.17325568584387846,-1.6626725327681389,0.9116489239777497
S1142,Female,23,Civil,80,3.5,21,2,0,Medium,Yes,6.24,0,High,High,0.31388455043816776,0.3189479671216859,0.6443519334010562,0.42533612303246987
S1143,Female,21,ECE,73,5.7,12,2,10,Low,No,7.62,0,Moderate,High,-0.1759040926887097,1.6725080127769882,-0.39380907637508156,0.9047015982499601
S1144,Female,22,EEE,84,1.5,20,26,3,High,Yes,0.39,0,High,Medium,0.5937637750820978,-0.9115611652922253,0.5290007100925965,-1.6067566523460217
S1145,Male,24,CSE,93,2.2,30,39,0,Low,Yes,8.37,0,Very_High,Medium,1.2234920305309402,-0.48088296894735627,1.6825129431771941,1.1652263130420741
S1146,Male,18,Mech,94,2.3,15,32,5,Low,Yes,6.2,0,Very_High,Medium,1.2934618366919228,-0.4193575123266609,-0.0477554064497023,0.4114414715768904
S1147,Male,23,ECE,83,3.6,27,91,3,Medium,Yes,5.63,1,High,High,0.5237939689211153,0.3804734237423815,1.3364592732518148,0.21344268833488347
S1148,Male,23,Civil,52,2.1,1,0,4,High,No,6.25,0,Low,Medium,-1.6452700220693421,-0.5424084255680519,-1.6626725327681389,0.42880978589636465
S1149,Female,23,ECE,86,3.2,10,7,4,High,Yes,8.64,0,High,High,0.7337033874040627,0.13437159725959932,-0.6245115229920011,1.2590152103672356
S1150,Male,21,CSE,92,4.7,9,100,8,High,Yes,5.87,1,Very_High,High,1.1535222243699577,1.0572534465700327,-0.7398627463004608,0.2968105970683601
S1151,Male,22,Civil,89,4.2,14,31,0,Medium,No,5.81,0,High,High,0.9436128058870102,0.7496261634665549,-0.16310662975816206,0.27596861988499083
S1152,Male,21,EEE,75,2.7,16,47,1,Medium,Yes,9.91,1,Moderate,Medium,-0.03596448036674471,-0.17325568584387846,0.06759581685875746,1.7001703940818824
S1153,Male,19,ECE,72,5.2,7,100,5,Medium,Yes,7.57,1,Moderate,High,-0.2458738988496922,1.3648807296735106,-0.9705651929173803,0.8873332839304859
S1154,Male,19,CSE,93,3.3,17,3,4,Medium,Yes,4.42,0,Very_High,High,1.2234920305309402,0.19589705388029466,0.18294704016721722,-0.20687051819639424
S1155,Female,22,Mech,88,3.2,22,93,10,Medium,Yes,7.07,1,High,High,0.8736429997260278,0.13437159725959932,0.7597031567095159,0.7136501407357431
S1156,Male,24,Civil,64,0.2,8,69,6,High,No,3.89,1,Moderate,Low,-0.8056323481375521,-1.7113921013612674,-0.8552139696089206,-0.3909746499828216
S1157,Female,21,ECE,98,5.9,24,18,2,Low,Yes,2.29,0,Very_High,High,1.5733410613358527,1.7955589260183795,0.9904056033264355,-0.9467607082059988
S1158,Male,18,ECE,53,0.7,7,31,2,High,No,5.97,0,Low,Low,-1.5753002159083596,-1.40376481825779,-0.9705651929173803,0.33154722570730855
S1159,Female,23,EEE,78,1.4,26,8,9,Low,No,9.28,0,High,Medium,0.1739449381162028,-0.9730866219129208,1.221108049943355,1.481329633656506
S1160,Male,23,EEE,71,0.3,13,11,1,Medium,Yes,9.29,0,Moderate,Low,-0.3158437050106747,-1.649866644740572,-0.2784578530666218,1.484803296520401
S1161,Male,22,Mech,74,3.8,27,10,2,Low,Yes,3.42,0,Moderate,High,-0.10593428652772721,0.5035243369837724,1.3364592732518148,-0.55423680458588
S1162,Female,24,Mech,62,1.3,25,45,9,High,Yes,5.28,1,Moderate,Medium,-0.9455719604595172,-1.0346120785336164,1.1057568266348952,0.0918644880985636
S1163,Female,19,CSE,67,1.1,24,15,0,High,Yes,2.12,0,Moderate,Medium,-0.5957229296546047,-1.1576629917750074,0.9904056033264355,-1.0058129768922113
S1164,Female,19,CSE,82,0.5,17,0,4,Low,No,9.96,0,High,Low,0.45382416276013277,-1.5268157314991808,0.18294704016721722,1.717538708401357
S1165,Male,23,Mech,65,0.6,21,62,4,Medium,No,9.81,1,Moderate,Low,-0.7356625419765697,-1.4652902748784853,0.6443519334010562,1.665433765442934
S1166,Female,22,Mech,94,3.5,19,20,10,Medium,No,6.5,0,Very_High,High,1.2934618366919228,0.3189479671216859,0.4136494867841367,0.5156513574937361
S1167,Male,21,Civil,91,4.1,29,29,6,High,Yes,8.04,0,Very_High,High,1.0835524182089753,0.688100706845859,1.5671617198687342,1.0505954385335439
S1168,Male,19,EEE,93,2.4,19,12,3,Low,No,7.15,0,Very_High,Medium,1.2234920305309402,-0.3578320557059653,0.4136494867841367,0.741439443646902
S1169,Female,21,CSE,51,2.9,20,33,2,Medium,Yes,5.93,0,Low,Medium,-1.7152398282303247,-0.05020477260248751,0.5290007100925965,0.3176525742517291
S1170,Female,24,EEE,84,4.1,11,3,0,Medium,Yes,0.53,0,High,High,0.5937637750820978,0.688100706845859,-0.5091602996835414,-1.5581253722514936
S1171,Male,19,EEE,91,0.1,18,27,7,High,Yes,4.55,0,Very_High,Low,1.0835524182089753,-1.772917557981963,0.29829826347567695,-0.16171290096576113
S1172,Male,19,Mech,83,1.9,13,94,2,Medium,Yes,6.75,1,High,Medium,0.5237939689211153,-0.6654593388094431,-0.2784578530666218,0.6024929290911075
S1173,Female,20,Civil,79,5.8,16,58,1,Low,Yes,6.78,1,High,High,0.2439147442771853,1.7340334693976835,0.06759581685875746,0.6129139176827921
S1174,Female,19,ECE,62,3.5,23,26,10,High,No,3.73,0,Moderate,High,-0.9455719604595172,0.3189479671216859,0.8750543800179758,-0.4465532558051394
S1175,Female,18,Civil,62,1.5,20,68,3,High,No,9.42,1,Moderate,Medium,-0.9455719604595172,-0.9115611652922253,0.5290007100925965,1.5299609137510344
S1176,Male,22,Civil,67,3.1,2,24,2,Low,Yes,1.67,0,Moderate,High,-0.5957229296546047,0.07284614063890371,-1.5473213094596792,-1.16212780576748
S1177,Male,22,EEE,81,2.1,25,2,0,High,No,5.0,0,High,Medium,0.3838543565991503,-0.5424084255680519,1.1057568266348952,-0.005398072090492491
S1178,Male,21,Civil,81,3.2,29,96,2,Medium,Yes,6.91,1,High,High,0.3838543565991503,0.13437159725959932,1.5671617198687342,0.6580715349134253
S1179,Male,24,CSE,84,0.8,22,67,1,Medium,Yes,6.97,1,High,Low,0.5937637750820978,-1.342239361637094,0.7597031567095159,0.6789135120967943
S1180,Male,19,EEE,88,0.8,6,24,7,Low,Yes,6.49,0,High,Low,0.8736429997260278,-1.342239361637094,-1.0859164162258401,0.5121776946298413
S1181,Male,18,CSE,95,0.9,16,19,5,Medium,No,2.75,0,Very_High,Low,1.3634316428529052,-1.2807139050163987,0.06759581685875746,-0.7869722164668354
S1182,Female,21,ECE,78,5.6,11,33,8,Low,Yes,1.56,0,High,High,0.1739449381162028,1.6109825561562925,-0.5091602996835414,-1.2003380972703233
S1183,Male,20,EEE,98,4.4,8,25,7,Low,Yes,6.36,0,Very_High,High,1.5733410613358527,0.8726770767079461,-0.8552139696089206,0.4670200773992082
S1184,Male,21,ECE,78,1.0,14,4,9,Medium,No,5.99,0,High,Low,0.1739449381162028,-1.2191884483957032,-0.16310662975816206,0.33849455143509843
S1185,Male,21,EEE,93,1.1,17,98,2,Low,No,1.79,1,Very_High,Medium,1.2234920305309402,-1.1576629917750074,0.18294704016721722,-1.1204438514007415
S1186,Female,19,Mech,65,4.4,20,60,4,Medium,No,7.05,1,Moderate,High,-0.7356625419765697,0.8726770767079461,0.5290007100925965,0.7067028150079532
S1187,Male,20,Civil,93,0.9,12,91,6,High,Yes,4.55,1,Very_High,Low,1.2234920305309402,-1.2807139050163987,-0.39380907637508156,-0.16171290096576113
S1188,Male,21,Mech,96,1.4,29,92,4,High,Yes,6.68,1,Very_High,Medium,1.4334014490138878,-0.9730866219129208,1.5671617198687342,0.5781772890438435
S1189,Female,18,ECE,59,5.8,20,8,7,Low,No,8.37,0,Low,High,-1.1554813789424647,1.7340334693976835,0.5290007100925965,1.1652263130420741
S1190,Male,18,Civil,79,1.5,29,49,4,Medium,Yes,1.7,1,High,Medium,0.2439147442771853,-0.9115611652922253,1.5671617198687342,-1.1517068171757954
S1191,Male,22,EEE,74,4.0,7,5,0,Medium,No,0.19,0,Moderate,High,-0.10593428652772721,0.6265752502251637,-0.9705651929173803,-1.6762299096239186
S1192,Male,20,Civil,88,5.9,13,82,4,High,No,7.79,1,High,High,0.8736429997260278,1.7955589260183795,-0.2784578530666218,0.9637538669361727
S1193,Male,20,CSE,69,2.2,7,59,3,High,Yes,6.1,1,Moderate,Medium,-0.4557833173326397,-0.48088296894735627,-0.9705651929173803,0.37670484293794165
S1194,Male,22,Civil,54,0.1,13,43,5,Medium,Yes,7.0,1,Low,Low,-1.5053304097473772,-1.772917557981963,-0.2784578530666218,0.6893345006884789
S1195,Female,21,CSE,50,1.5,6,10,2,Low,No,8.38,0,Low,Medium,-1.785209634391307,-0.9115611652922253,-1.0859164162258401,1.1686999759059695
S1196,Female,20,Civil,79,5.0,22,65,10,High,No,8.03,1,High,High,0.2439147442771853,1.2418298164321193,0.7597031567095159,1.047121775669649
S1197,Female,18,CSE,98,5.2,11,46,4,Low,No,9.61,1,Very_High,High,1.5733410613358527,1.3648807296735106,-0.5091602996835414,1.5959605081650365
S1198,Male,18,ECE,52,4.6,10,72,1,Low,No,5.36,1,Low,High,-1.6452700220693421,0.9957279899493369,-0.6245115229920011,0.11965379100972248
S1199,Male,19,Mech,94,0.7,21,84,10,High,Yes,4.88,1,Very_High,Low,1.2934618366919228,-1.40376481825779,0.6443519334010562,-0.047082026457230815
S1200,Male,20,EEE,63,4.8,21,87,5,Low,No,4.02,1,Moderate,High,-0.8756021542985347,1.118778903190728,0.6443519334010562,-0.34581703275218867
S1201,Female,21,Civil,79,5.5,10,97,5,Low,No,1.54,1,High,High,0.2439147442771853,1.549457099535597,-0.6245115229920011,-1.2072854229981131
S1202,Male,22,Mech,99,3.6,24,85,4,Medium,No,5.73,1,Very_High,High,1.6433108674968353,0.3804734237423815,0.9904056033264355,0.24817931697383222
S1203,Male,22,EEE,53,5.6,21,2,5,Low,Yes,2.77,0,Low,High,-1.5753002159083596,1.6109825561562925,0.6443519334010562,-0.7800248907390457
S1204,Female,21,EEE,67,5.0,27,75,10,Medium,Yes,9.21,1,Moderate,High,-0.5957229296546047,1.2418298164321193,1.3364592732518148,1.4570139936092428
S1205,Male,24,CSE,86,4.0,28,91,6,High,No,5.83,1,High,High,0.7337033874040627,0.6265752502251637,1.4518104965602745,0.28291594561278066
S1206,Female,23,ECE,74,3.5,12,29,4,High,Yes,5.93,0,Moderate,High,-0.10593428652772721,0.3189479671216859,-0.39380907637508156,0.3176525742517291
S1207,Female,19,ECE,97,2.1,17,89,0,Medium,Yes,3.55,1,Very_High,Medium,1.5033712551748701,-0.5424084255680519,0.18294704016721722,-0.5090791873552468
S1208,Female,22,Mech,50,1.0,1,20,7,High,Yes,0.52,0,Low,Low,-1.785209634391307,-1.2191884483957032,-1.6626725327681389,-1.5615990351153886
S1209,Male,20,ECE,95,3.6,28,27,3,Low,No,0.32,0,Very_High,High,1.3634316428529052,0.3804734237423815,1.4518104965602745,-1.6310722923932857
S1210,Male,19,Civil,64,1.9,20,89,8,Low,No,4.23,1,Moderate,Medium,-0.8056323481375521,-0.6654593388094431,0.5290007100925965,-0.27287011261039634
S1211,Male,20,ECE,58,5.2,14,61,9,Low,Yes,0.85,1,Low,High,-1.225451185103447,1.3648807296735106,-0.16310662975816206,-1.4469681606068583
S1212,Male,24,Mech,64,6.0,19,32,5,High,No,6.07,0,Moderate,High,-0.8056323481375521,1.8570843826390748,0.4136494867841367,0.3662838543462573
S1213,Male,18,ECE,98,4.5,26,84,0,Low,No,8.81,1,Very_High,High,1.5733410613358527,0.9342025333286414,1.221108049943355,1.3180674790534483
S1214,Male,19,Civil,73,0.5,17,34,2,High,Yes,8.83,0,Moderate,Low,-0.1759040926887097,-1.5268157314991808,0.18294704016721722,1.3250148047812378
S1215,Male,22,CSE,53,1.7,30,51,2,Low,Yes,6.59,1,Low,Medium,-1.5753002159083596,-0.7885102520508341,1.6825129431771941,0.5469143232687897
S1216,Female,19,Mech,61,0.7,14,33,9,Medium,No,2.11,0,Moderate,Low,-1.0155417666204998,-1.40376481825779,-0.16310662975816206,-1.0092866397561062
S1217,Male,19,CSE,86,3.9,18,40,3,High,Yes,8.63,1,High,High,0.7337033874040627,0.565049793604468,0.29829826347567695,1.255541547503341
S1218,Female,19,CSE,86,4.6,22,50,5,High,No,8.86,1,High,High,0.7337033874040627,0.9957279899493369,0.7597031567095159,1.3354357933729222
S1219,Male,23,CSE,92,5.6,23,46,6,Low,No,1.97,1,Very_High,High,1.1535222243699577,1.6109825561562925,0.8750543800179758,-1.0579179198506343
S1220,Male,19,EEE,55,2.6,11,81,9,High,Yes,7.37,1,Low,Medium,-1.4353606035863946,-0.23478114246457407,-0.5091602996835414,0.8178600266525887
S1221,Male,20,EEE,88,5.4,12,57,3,High,No,2.87,1,High,High,0.8736429997260278,1.4879316429149017,-0.39380907637508156,-0.745288262100097
S1222,Female,18,CSE,95,5.3,21,74,5,Medium,No,8.03,1,Very_High,High,1.3634316428529052,1.426406186294206,0.6443519334010562,1.047121775669649
S1223,Female,24,Mech,73,1.9,10,56,10,Medium,Yes,9.97,1,Moderate,Medium,-0.1759040926887097,-0.6654593388094431,-0.6245115229920011,1.7210123712652516
S1224,Female,21,Civil,60,5.2,4,22,0,Low,Yes,0.3,0,Low,High,-1.0855115727814821,1.3648807296735106,-1.3166188628427595,-1.6380196181210753
S1225,Female,19,Civil,62,2.3,28,47,7,Medium,Yes,8.97,1,Moderate,Medium,-0.9455719604595172,-0.4193575123266609,1.4518104965602745,1.3736460848757661
S1226,Male,22,ECE,83,1.8,0,21,6,Low,No,6.23,0,High,Medium,0.5237939689211153,-0.7269847954301386,-1.7780237560765986,0.4218624601685751
S1227,Female,19,Mech,74,3.9,23,16,10,Low,Yes,9.73,0,Moderate,High,-0.10593428652772721,0.565049793604468,0.8750543800179758,1.6376444625317752
S1228,Male,22,EEE,56,2.0,2,68,10,Low,Yes,4.65,1,Low,Medium,-1.3653907974254123,-0.6039338821887474,-1.5473213094596792,-0.12697627232681236
S1229,Male,20,CSE,53,3.8,30,10,8,High,Yes,8.47,0,Low,High,-1.5753002159083596,0.5035243369837724,1.6825129431771941,1.1999629416810231
S1230,Female,22,ECE,57,3.7,21,93,2,Medium,Yes,0.62,1,Low,High,-1.2954209912644297,0.4419988803630771,0.6443519334010562,-1.52686240647644
S1231,Female,21,Civil,69,3.4,18,14,1,Low,No,3.35,0,Moderate,High,-0.4557833173326397,0.2574225105009903,0.29829826347567695,-0.5785524446331439
S1232,Female,18,EEE,78,2.3,22,90,0,Medium,No,0.67,1,High,Medium,0.1739449381162028,-0.4193575123266609,0.7597031567095159,-1.5094940921569657
S1233,Female,22,EEE,100,3.3,28,34,2,Low,Yes,9.75,0,Very_High,High,1.7132806736578177,0.19589705388029466,1.4518104965602745,1.6445917882595646
S1234,Female,22,CSE,94,3.6,29,32,4,Medium,No,8.17,0,Very_High,High,1.2934618366919228,0.3804734237423815,1.5671617198687342,1.0957530557641773
S1235,Female,18,Civil,95,3.3,6,83,10,Medium,Yes,8.53,1,Very_High,High,1.3634316428529052,0.19589705388029466,-1.0859164162258401,1.220804918864392
S1236,Female,21,Mech,59,2.7,11,15,1,Low,Yes,9.38,0,Low,Medium,-1.1554813789424647,-0.17325568584387846,-0.5091602996835414,1.5160662622954553
S1237,Female,19,EEE,92,0.1,14,33,2,High,No,0.85,0,Very_High,Low,1.1535222243699577,-1.772917557981963,-0.16310662975816206,-1.4469681606068583
S1238,Male,22,CSE,83,3.5,24,65,3,Medium,No,3.86,1,High,High,0.5237939689211153,0.3189479671216859,0.9904056033264355,-0.4013956385745063
S1239,Female,18,Mech,75,1.0,4,98,6,High,Yes,0.71,1,Moderate,Low,-0.03596448036674471,-1.2191884483957032,-1.3166188628427595,-1.4955994407013862
S1240,Female,20,Civil,90,3.9,14,39,2,High,Yes,2.11,0,High,High,1.0135826120479927,0.565049793604468,-0.16310662975816206,-1.0092866397561062
S1241,Male,18,EEE,98,4.6,7,27,8,Low,No,2.29,0,Very_High,High,1.5733410613358527,0.9957279899493369,-0.9705651929173803,-0.9467607082059988
S1242,Female,20,Mech,52,3.0,9,46,7,Low,Yes,4.69,1,Low,Medium,-1.6452700220693421,0.011320684018208103,-0.7398627463004608,-0.11308162087123293
S1243,Male,21,Mech,55,3.3,25,38,3,Low,No,2.69,0,Low,High,-1.4353606035863946,0.19589705388029466,1.1057568266348952,-0.8078141936502046
S1244,Male,19,Mech,54,5.7,15,69,0,Medium,Yes,1.01,1,Low,High,-1.5053304097473772,1.6725080127769882,-0.0477554064497023,-1.3913895547845405
S1245,Female,18,EEE,54,5.1,7,72,0,Low,Yes,1.67,1,Low,High,-1.5053304097473772,1.3033552730528146,-0.9705651929173803,-1.16212780576748
S1246,Male,24,EEE,96,5.5,0,19,0,Low,No,1.47,0,Very_High,High,1.4334014490138878,1.549457099535597,-1.7780237560765986,-1.231601063045377
S1247,Male,24,ECE,72,4.9,11,0,0,Medium,No,9.73,0,Moderate,High,-0.2458738988496922,1.180304359811424,-0.5091602996835414,1.6376444625317752
S1248,Male,23,Civil,98,0.7,4,71,7,Medium,No,7.59,1,Very_High,Low,1.5733410613358527,-1.40376481825779,-1.3166188628427595,0.8942806096582755
S1249,Male,22,CSE,58,0.9,2,86,2,Low,No,9.68,1,Low,Low,-1.225451185103447,-1.2807139050163987,-1.5473213094596792,1.6202761482123005
S1250,Female,21,Mech,84,3.2,0,62,5,Low,No,4.4,1,High,High,0.5937637750820978,0.13437159725959932,-1.7780237560765986,-0.2138178439241838
S1251,Male,18,ECE,69,1.5,3,66,2,Low,No,2.78,1,Moderate,Medium,-0.4557833173326397,-0.9115611652922253,-1.4319700861512195,-0.7765512278751509
S1252,Female,24,CSE,98,2.9,7,3,10,Low,No,7.98,0,Very_High,Medium,1.5733410613358527,-0.05020477260248751,-0.9705651929173803,1.029753461350175
S1253,Male,22,ECE,91,2.4,2,57,4,High,Yes,3.26,1,Very_High,Medium,1.0835524182089753,-0.3578320557059653,-1.5473213094596792,-0.6098154104081978
S1254,Male,24,EEE,84,3.3,9,24,6,High,Yes,2.99,0,High,High,0.5937637750820978,0.19589705388029466,-0.7398627463004608,-0.7036043077333587
S1255,Male,18,Mech,99,4.5,1,46,1,Low,Yes,2.33,1,Very_High,High,1.6433108674968353,0.9342025333286414,-1.6626725327681389,-0.9328660567504193
S1256,Male,20,CSE,67,4.3,10,37,5,High,No,1.3,0,Moderate,High,-0.5957229296546047,0.8111516200872503,-0.6245115229920011,-1.2906533317315898
S1257,Female,18,CSE,66,3.1,24,14,5,Medium,No,2.56,0,Moderate,High,-0.6656927358155872,0.07284614063890371,0.9904056033264355,-0.8529718108808376
S1258,Female,23,CSE,73,4.9,9,62,10,High,No,3.55,1,Moderate,High,-0.1759040926887097,1.180304359811424,-0.7398627463004608,-0.5090791873552468
S1259,Male,18,CSE,52,2.6,20,20,2,High,Yes,6.74,0,Low,Medium,-1.6452700220693421,-0.23478114246457407,0.5290007100925965,0.5990192662272127
S1260,Male,18,CSE,81,5.4,13,98,5,Low,No,0.63,1,High,High,0.3838543565991503,1.4879316429149017,-0.2784578530666218,-1.523388743612545
S1261,Female,23,ECE,84,0.4,6,56,9,High,No,2.11,1,High,Low,0.5937637750820978,-1.5883411881198766,-1.0859164162258401,-1.0092866397561062
S1262,Male,21,Mech,87,5.7,26,52,9,High,Yes,8.09,1,High,High,0.8036731935650453,1.6725080127769882,1.221108049943355,1.0679637528530184
S1263,Male,18,EEE,62,3.9,26,45,4,High,No,1.47,1,Moderate,High,-0.9455719604595172,0.565049793604468,1.221108049943355,-1.231601063045377
S1264,Male,23,EEE,96,2.3,1,13,1,High,Yes,3.43,0,Very_High,Medium,1.4334014490138878,-0.4193575123266609,-1.6626725327681389,-0.550763141721985
S1265,Female,22,EEE,74,1.2,8,99,8,Medium,Yes,8.65,1,Moderate,Medium,-0.10593428652772721,-1.096137535154312,-0.8552139696089206,1.2624888732311306
S1266,Female,20,EEE,58,2.9,15,75,7,Low,No,1.55,1,Low,Medium,-1.225451185103447,-0.05020477260248751,-0.0477554064497023,-1.2038117601342182
S1267,Female,20,ECE,53,1.2,12,16,2,Low,No,0.83,0,Low,Medium,-1.5753002159083596,-1.096137535154312,-0.39380907637508156,-1.453915486334648
S1268,Male,18,Civil,63,1.0,8,38,7,Medium,No,4.85,0,Moderate,Low,-0.8756021542985347,-1.2191884483957032,-0.8552139696089206,-0.05750301504891547
S1269,Male,21,Mech,86,3.7,19,8,8,High,Yes,3.02,0,High,High,0.7337033874040627,0.4419988803630771,0.4136494867841367,-0.6931833191416742
S1270,Female,21,CSE,83,3.1,3,98,2,Medium,Yes,5.63,1,High,High,0.5237939689211153,0.07284614063890371,-1.4319700861512195,0.21344268833488347
S1271,Female,22,Civil,60,4.0,21,76,2,High,Yes,8.04,1,Low,High,-1.0855115727814821,0.6265752502251637,0.6443519334010562,1.0505954385335439
S1272,Female,18,EEE,90,5.6,9,78,1,Medium,No,1.37,1,High,High,1.0135826120479927,1.6109825561562925,-0.7398627463004608,-1.2663376916843256
S1273,Female,20,Civil,52,3.2,25,81,7,Low,No,5.81,1,Low,High,-1.6452700220693421,0.13437159725959932,1.1057568266348952,0.27596861988499083
S1274,Male,21,Mech,77,3.5,25,96,9,Low,No,5.06,1,High,High,0.10397513195522029,0.3189479671216859,1.1057568266348952,0.015443905092876516
S1275,Female,18,CSE,78,0.5,21,5,0,Low,No,1.44,0,High,Low,0.1739449381162028,-1.5268157314991808,0.6443519334010562,-1.2420220516370617
S1276,Male,24,CSE,58,4.3,11,90,7,High,Yes,6.24,1,Low,High,-1.225451185103447,0.8111516200872503,-0.5091602996835414,0.42533612303246987
S1277,Female,21,Mech,52,2.4,16,22,6,High,Yes,2.74,0,Low,Medium,-1.6452700220693421,-0.3578320557059653,0.06759581685875746,-0.7904458793307302
S1278,Male,23,Mech,74,5.9,13,58,6,Medium,Yes,4.88,1,Moderate,High,-0.10593428652772721,1.7955589260183795,-0.2784578530666218,-0.047082026457230815
S1279,Female,24,EEE,83,4.9,13,90,2,Medium,Yes,0.82,1,High,High,0.5237939689211153,1.180304359811424,-0.2784578530666218,-1.4573891491985427
S1280,Female,21,CSE,61,3.1,24,97,0,Low,No,4.6,1,Moderate,High,-1.0155417666204998,0.07284614063890371,0.9904056033264355,-0.1443445866462869
S1281,Female,20,Civil,91,0.7,1,45,3,High,No,3.06,1,Very_High,Low,1.0835524182089753,-1.40376481825779,-1.6626725327681389,-0.6792886676860947
S1282,Female,19,ECE,58,5.2,20,37,8,Medium,No,8.22,0,Low,High,-1.225451185103447,1.3648807296735106,0.5290007100925965,1.1131213700836518
S1283,Male,24,ECE,64,4.8,24,13,4,High,Yes,0.57,0,Moderate,High,-0.8056323481375521,1.118778903190728,0.9904056033264355,-1.544230720795914
S1284,Female,22,Mech,89,1.1,19,99,0,High,Yes,4.19,1,High,Medium,0.9436128058870102,-1.1576629917750074,0.4136494867841367,-0.2867647640659758
S1285,Male,22,EEE,74,1.8,10,71,4,Low,No,4.58,1,Moderate,Medium,-0.10593428652772721,-0.7269847954301386,-0.6245115229920011,-0.15129191237407646
S1286,Male,20,ECE,54,4.8,15,61,7,Low,No,7.25,1,Low,High,-1.5053304097473772,1.118778903190728,-0.0477554064497023,0.7761760722858504
S1287,Male,21,CSE,60,1.1,18,34,7,High,Yes,5.74,0,Low,Medium,-1.0855115727814821,-1.1576629917750074,0.29829826347567695,0.251652979837727
S1288,Male,18,Mech,83,5.5,30,18,4,High,No,6.67,0,High,High,0.5237939689211153,1.549457099535597,1.6825129431771941,0.5747036261799486
S1289,Female,21,Civil,73,2.5,22,29,8,High,Yes,7.77,0,Moderate,Medium,-0.1759040926887097,-0.2963065990852697,0.7597031567095159,0.9568065412083828
S1290,Male,20,Mech,64,0.5,5,77,0,High,Yes,8.62,1,Moderate,Low,-0.8056323481375521,-1.5268157314991808,-1.2012676395342998,1.2520678846394455
S1291,Male,22,Civil,87,4.9,23,83,3,Low,Yes,3.14,1,High,High,0.8036731935650453,1.180304359811424,0.8750543800179758,-0.6514993647749359
S1292,Male,21,Mech,57,2.2,18,24,2,Medium,No,5.38,0,Low,Medium,-1.2954209912644297,-0.48088296894735627,0.29829826347567695,0.12660111673751204
S1293,Female,22,Mech,54,3.2,4,39,1,Low,No,8.4,0,Low,High,-1.5053304097473772,0.13437159725959932,-1.3166188628427595,1.175647301633759
S1294,Female,24,Mech,97,0.7,25,87,7,Medium,Yes,9.89,1,Very_High,Low,1.5033712551748701,-1.40376481825779,1.1057568266348952,1.693223068354093
S1295,Female,18,Civil,75,0.0,3,13,6,High,No,8.9,0,Moderate,Low,-0.03596448036674471,-1.8344430146026587,-1.4319700861512195,1.349330444828502
S1296,Female,24,Civil,67,3.8,14,25,8,Medium,Yes,3.71,0,Moderate,High,-0.5957229296546047,0.5035243369837724,-0.16310662975816206,-0.4535005815329291
S1297,Male,22,Mech,55,3.1,28,86,1,Low,Yes,1.95,1,Low,High,-1.4353606035863946,0.07284614063890371,1.4518104965602745,-1.0648652455784238
S1298,Male,22,ECE,86,3.6,3,21,3,Low,Yes,4.89,0,High,High,0.7337033874040627,0.3804734237423815,-1.4319700861512195,-0.04360836359333603
S1299,Female,19,EEE,97,4.8,19,47,5,High,Yes,7.42,1,Very_High,High,1.5033712551748701,1.118778903190728,0.4136494867841367,0.8352283409720629
S1300,Male,19,EEE,62,3.9,9,82,10,Low,No,4.93,1,Moderate,High,-0.9455719604595172,0.565049793604468,-0.7398627463004608,-0.02971371213775659
S1301,Male,24,EEE,77,1.0,23,50,2,High,Yes,4.83,1,High,Low,0.10397513195522029,-1.2191884483957032,0.8750543800179758,-0.06445034077670504
S1302,Male,23,Civil,54,2.2,21,2,7,Low,Yes,8.38,0,Low,Medium,-1.5053304097473772,-0.48088296894735627,0.6443519334010562,1.1686999759059695
S1303,Female,24,Civil,62,5.4,2,41,2,Low,No,3.61,1,Moderate,High,-0.9455719604595172,1.4879316429149017,-1.5473213094596792,-0.48823721017187766
S1304,Female,19,ECE,66,4.6,25,18,1,High,Yes,8.6,0,Moderate,High,-0.6656927358155872,0.9957279899493369,1.1057568266348952,1.245120558911656
S1305,Male,22,EEE,99,3.3,4,72,2,Medium,Yes,4.07,1,Very_High,High,1.6433108674968353,0.19589705388029466,-1.3166188628427595,-0.3284487184327141
S1306,Female,20,EEE,89,1.5,5,27,10,Low,No,3.28,0,High,Medium,0.9436128058870102,-0.9115611652922253,-1.2012676395342998,-0.602868084680408
S1307,Female,24,Mech,94,1.8,20,83,5,Medium,No,4.54,1,Very_High,Medium,1.2934618366919228,-0.7269847954301386,0.5290007100925965,-0.1651865638296559
S1308,Female,22,Civil,81,4.4,21,44,1,Low,No,7.62,1,High,High,0.3838543565991503,0.8726770767079461,0.6443519334010562,0.9047015982499601
S1309,Female,20,EEE,78,5.1,7,70,7,Low,Yes,1.26,1,High,High,0.1739449381162028,1.3033552730528146,-0.9705651929173803,-1.3045479831871691
S1310,Female,20,ECE,100,4.0,6,77,0,Low,No,1.96,1,Very_High,High,1.7132806736578177,0.6265752502251637,-1.0859164162258401,-1.061391582714529
S1311,Male,19,ECE,52,4.9,20,62,6,Low,No,9.51,1,Low,High,-1.6452700220693421,1.180304359811424,0.5290007100925965,1.561223879526088
S1312,Female,24,EEE,89,4.6,9,72,1,Medium,Yes,1.75,1,High,High,0.9436128058870102,0.9957279899493369,-0.7398627463004608,-1.134338502856321
S1313,Male,21,Civil,83,0.9,5,18,9,Medium,Yes,5.68,0,High,Low,0.5237939689211153,-1.2807139050163987,-1.2012676395342998,0.2308110026543577
S1314,Male,18,ECE,89,2.5,13,46,5,Low,Yes,5.79,1,High,Medium,0.9436128058870102,-0.2963065990852697,-0.2784578530666218,0.2690212941572012
S1315,Female,19,Mech,76,0.9,3,13,1,Low,Yes,4.9,0,High,Low,0.03400532579423779,-1.2807139050163987,-1.4319700861512195,-0.04013470072944094
S1316,Male,19,ECE,62,1.4,27,37,1,Medium,Yes,6.45,0,Moderate,Medium,-0.9455719604595172,-0.9730866219129208,1.3364592732518148,0.49828304317426186
S1317,Male,21,CSE,94,5.2,24,52,9,High,No,2.3,1,Very_High,High,1.2934618366919228,1.3648807296735106,0.9904056033264355,-0.943287045342104
S1318,Male,18,CSE,82,2.8,12,60,7,High,No,5.53,1,High,Medium,0.45382416276013277,-0.11173022922318313,-0.39380907637508156,0.17870605969593503
S1319,Female,22,Civil,55,3.2,19,35,1,Medium,No,3.72,0,Low,High,-1.4353606035863946,0.13437159725959932,0.4136494867841367,-0.45002691866903416
S1320,Female,23,EEE,73,1.1,16,39,6,Low,Yes,6.62,0,Moderate,Medium,-0.1759040926887097,-1.1576629917750074,0.06759581685875746,0.5573353118604744
S1321,Male,24,Civil,68,1.9,22,80,2,Low,Yes,1.41,1,Moderate,Medium,-0.5257531234936222,-0.6654593388094431,0.7597031567095159,-1.252443040228746
S1322,Female,23,Civil,65,1.4,6,29,7,High,Yes,5.71,0,Moderate,Medium,-0.7356625419765697,-0.9730866219129208,-1.0859164162258401,0.24123199124604236
S1323,Female,22,Civil,89,1.2,3,8,6,High,No,1.85,0,High,Medium,0.9436128058870102,-1.096137535154312,-1.4319700861512195,-1.0996018742173725
S1324,Female,19,Civil,77,3.8,28,63,7,Medium,No,2.79,1,High,High,0.10397513195522029,0.5035243369837724,1.4518104965602745,-0.7730775650112559
S1325,Female,18,Mech,82,1.5,13,32,6,High,Yes,2.19,0,High,Medium,0.45382416276013277,-0.9115611652922253,-0.2784578530666218,-0.9814973368449473
S1326,Male,19,Mech,97,3.8,2,51,10,Medium,No,1.83,1,Very_High,High,1.5033712551748701,0.5035243369837724,-1.5473213094596792,-1.1065491999451622
S1327,Male,20,ECE,90,0.4,23,88,5,High,Yes,8.26,1,High,Low,1.0135826120479927,-1.5883411881198766,0.8750543800179758,1.1270160215392309
S1328,Female,19,CSE,62,0.9,4,13,6,High,No,2.86,0,Moderate,Low,-0.9455719604595172,-1.2807139050163987,-1.3166188628427595,-0.748761924963992
S1329,Female,19,Civil,92,1.6,15,74,4,High,No,9.27,1,Very_High,Medium,1.1535222243699577,-0.8500357086715297,-0.0477554064497023,1.4778559707926113
S1330,Male,22,ECE,94,3.6,25,52,6,Low,No,9.7,1,Very_High,High,1.2934618366919228,0.3804734237423815,1.1057568266348952,1.6272234739400901
S1331,Male,22,CSE,74,4.1,22,98,0,Low,Yes,5.71,1,Moderate,High,-0.10593428652772721,0.688100706845859,0.7597031567095159,0.24123199124604236
S1332,Female,22,EEE,91,2.7,19,58,0,Low,No,1.43,1,Very_High,Medium,1.0835524182089753,-0.17325568584387846,0.4136494867841367,-1.2454957145009566
S1333,Male,23,Mech,85,2.7,3,77,8,High,No,3.75,1,High,Medium,0.6637335812430802,-0.17325568584387846,-1.4319700861512195,-0.43960593007734966
S1334,Female,20,CSE,76,4.3,23,93,4,Medium,Yes,7.98,1,High,High,0.03400532579423779,0.8111516200872503,0.8750543800179758,1.029753461350175
S1335,Female,22,EEE,87,0.1,29,40,4,Medium,No,3.67,1,High,Low,0.8036731935650453,-1.772917557981963,1.5671617198687342,-0.46739523298850855
S1336,Male,18,CSE,56,2.0,23,67,2,Medium,Yes,0.87,1,Low,Medium,-1.3653907974254123,-0.6039338821887474,0.8750543800179758,-1.4400208348790684
S1337,Male,23,Mech,54,4.9,1,67,4,Medium,Yes,5.57,1,Low,High,-1.5053304097473772,1.180304359811424,-1.6626725327681389,0.19260071115151448
S1338,Female,21,Mech,92,3.6,29,91,2,Low,Yes,8.45,1,Very_High,High,1.1535222243699577,0.3804734237423815,1.5671617198687342,1.193015615953233
S1339,Female,18,ECE,94,2.0,17,7,8,Low,Yes,7.96,0,Very_High,Medium,1.2934618366919228,-0.6039338821887474,0.18294704016721722,1.0228061356223852
S1340,Male,24,Civil,100,5.4,18,1,8,High,Yes,1.75,0,Very_High,High,1.7132806736578177,1.4879316429149017,0.29829826347567695,-1.134338502856321
S1341,Female,24,CSE,80,4.6,30,85,5,High,No,6.73,1,High,High,0.31388455043816776,0.9957279899493369,1.6825129431771941,0.595545603363318
S1342,Male,18,CSE,72,1.6,27,40,0,Medium,Yes,2.21,1,Moderate,Medium,-0.2458738988496922,-0.8500357086715297,1.3364592732518148,-0.9745500111171577
S1343,Female,22,EEE,91,3.9,27,54,6,Low,Yes,2.18,1,Very_High,High,1.0835524182089753,0.565049793604468,1.3364592732518148,-0.9849709997088422
S1344,Male,21,Mech,59,3.6,18,15,6,Medium,Yes,8.74,0,Low,High,-1.1554813789424647,0.3804734237423815,0.29829826347567695,1.2937518390061842
S1345,Male,21,CSE,81,2.4,16,92,9,High,Yes,2.5,1,High,Medium,0.3838543565991503,-0.3578320557059653,0.06759581685875746,-0.8738137880642067
S1346,Male,23,Mech,92,2.2,30,61,9,High,No,2.63,1,Very_High,Medium,1.1535222243699577,-0.48088296894735627,1.6825129431771941,-0.8286561708335737
S1347,Female,21,CSE,79,2.1,13,47,3,Medium,Yes,0.01,1,High,Medium,0.2439147442771853,-0.5424084255680519,-0.2784578530666218,-1.7387558411740263
S1348,Female,24,ECE,88,3.7,18,29,7,High,No,8.71,0,High,High,0.8736429997260278,0.4419988803630771,0.29829826347567695,1.2833308504144998
S1349,Male,20,Civil,80,2.7,21,11,5,Medium,Yes,7.93,0,High,Medium,0.31388455043816776,-0.17325568584387846,0.6443519334010562,1.0123851470307006
S1350,Female,22,CSE,67,5.0,23,34,3,Low,No,6.27,0,Moderate,High,-0.5957229296546047,1.2418298164321193,0.8750543800179758,0.4357571116241542
S1351,Male,21,Mech,85,4.0,12,10,3,Medium,Yes,7.5,0,High,High,0.6637335812430802,0.6265752502251637,-0.39380907637508156,0.8630176438832218
S1352,Male,23,ECE,51,0.4,11,63,1,Low,Yes,1.52,1,Low,Low,-1.7152398282303247,-1.5883411881198766,-0.5091602996835414,-1.2142327487259028
S1353,Female,24,CSE,63,3.8,29,49,1,Low,No,4.58,1,Moderate,High,-0.8756021542985347,0.5035243369837724,1.5671617198687342,-0.15129191237407646
S1354,Female,20,EEE,62,1.6,25,84,3,High,Yes,3.51,1,Moderate,Medium,-0.9455719604595172,-0.8500357086715297,1.1057568266348952,-0.5229738388108263
S1355,Male,19,Civil,78,3.6,5,20,4,High,No,0.94,0,High,High,0.1739449381162028,0.3804734237423815,-1.2012676395342998,-1.4157051948318047
S1356,Female,19,CSE,61,4.1,20,68,7,High,Yes,4.86,1,Moderate,High,-1.0155417666204998,0.688100706845859,0.5290007100925965,-0.054029352185020384
S1357,Female,20,ECE,88,1.4,30,47,5,Medium,No,9.21,1,High,Medium,0.8736429997260278,-0.9730866219129208,1.6825129431771941,1.4570139936092428
S1358,Male,24,EEE,51,2.7,3,19,3,Medium,Yes,0.4,0,Low,Medium,-1.7152398282303247,-0.17325568584387846,-1.4319700861512195,-1.6032829894821268
S1359,Male,23,ECE,81,1.1,18,100,10,High,Yes,2.91,1,High,Medium,0.3838543565991503,-1.1576629917750074,0.29829826347567695,-0.7313936106445176
S1360,Female,20,ECE,62,0.3,15,66,6,Medium,No,2.08,1,Moderate,Low,-0.9455719604595172,-1.649866644740572,-0.0477554064497023,-1.0197076283477908
S1361,Male,22,EEE,95,2.3,12,43,7,High,Yes,2.38,1,Very_High,Medium,1.3634316428529052,-0.4193575123266609,-0.39380907637508156,-0.9154977424309451
S1362,Male,22,ECE,76,2.2,3,32,1,Medium,Yes,9.08,0,High,Medium,0.03400532579423779,-0.48088296894735627,-1.4319700861512195,1.4118563763786092
S1363,Female,19,EEE,98,6.0,29,72,6,Low,Yes,4.68,1,Very_High,High,1.5733410613358527,1.8570843826390748,1.5671617198687342,-0.11655528373512802
S1364,Male,21,CSE,90,2.7,22,60,1,Low,Yes,4.66,1,High,Medium,1.0135826120479927,-0.17325568584387846,0.7597031567095159,-0.12350260946291759
S1365,Male,23,EEE,66,2.0,16,8,1,High,Yes,7.61,0,Moderate,Medium,-0.6656927358155872,-0.6039338821887474,0.06759581685875746,0.9012279353860654
S1366,Female,19,EEE,89,3.5,22,67,7,Medium,Yes,1.54,1,High,High,0.9436128058870102,0.3189479671216859,0.7597031567095159,-1.2072854229981131
S1367,Female,21,Civil,80,0.5,0,34,1,Medium,No,4.87,0,High,Low,0.31388455043816776,-1.5268157314991808,-1.7780237560765986,-0.0505556893211256
S1368,Male,21,EEE,83,5.8,17,80,10,Low,No,4.3,1,High,High,0.5237939689211153,1.7340334693976835,0.18294704016721722,-0.24855447256313257
S1369,Male,22,EEE,73,3.8,30,97,8,Low,No,5.97,1,Moderate,High,-0.1759040926887097,0.5035243369837724,1.6825129431771941,0.33154722570730855
S1370,Female,24,CSE,94,4.5,19,87,0,High,Yes,10.0,1,Very_High,High,1.2934618366919228,0.9342025333286414,0.4136494867841367,1.731433359856936
S1371,Female,18,Civil,84,1.0,16,95,8,Low,No,7.69,1,High,Low,0.5937637750820978,-1.2191884483957032,0.06759581685875746,0.9290172382972243
S1372,Female,24,Mech,97,2.5,26,64,0,High,Yes,3.98,1,Very_High,Medium,1.5033712551748701,-0.2963065990852697,1.221108049943355,-0.35971168420776795
S1373,Female,18,CSE,55,2.5,27,7,9,Low,Yes,8.28,0,Low,Medium,-1.4353606035863946,-0.2963065990852697,1.3364592732518148,1.1339633472670205
S1374,Male,20,CSE,68,4.9,26,44,9,Low,Yes,1.71,1,Moderate,High,-0.5257531234936222,1.180304359811424,1.221108049943355,-1.1482331543119004
S1375,Female,22,Mech,79,0.0,14,86,1,Medium,Yes,0.3,1,High,Low,0.2439147442771853,-1.8344430146026587,-0.16310662975816206,-1.6380196181210753
S1376,Female,21,EEE,56,1.8,10,46,5,Low,No,2.04,1,Low,Medium,-1.3653907974254123,-0.7269847954301386,-0.6245115229920011,-1.0336022798033702
S1377,Male,23,ECE,59,5.9,24,39,5,Low,Yes,3.4,0,Low,High,-1.1554813789424647,1.7955589260183795,0.9904056033264355,-0.5611841303136696
S1378,Female,18,Civil,90,2.8,27,75,0,High,No,5.11,1,High,Medium,1.0135826120479927,-0.11173022922318313,1.3364592732518148,0.032812219412351046
S1379,Male,24,ECE,81,2.3,21,53,6,Low,Yes,6.15,1,High,Medium,0.3838543565991503,-0.4193575123266609,0.6443519334010562,0.3940731572574162
S1380,Female,21,Mech,83,0.7,12,75,7,High,No,9.11,1,High,Low,0.5237939689211153,-1.40376481825779,-0.39380907637508156,1.4222773649702936
S1381,Female,18,CSE,77,5.8,0,45,1,Low,No,5.1,1,High,High,0.10397513195522029,1.7340334693976835,-1.7780237560765986,0.029338556548455956
S1382,Female,18,CSE,64,0.1,16,46,7,Low,No,5.01,1,Moderate,Low,-0.8056323481375521,-1.772917557981963,0.06759581685875746,-0.0019244092265977087
S1383,Male,18,Civil,79,4.4,5,14,8,High,No,0.5,0,High,High,0.2439147442771853,0.8726770767079461,-1.2012676395342998,-1.5685463608431782
S1384,Male,23,CSE,86,4.6,3,18,5,Medium,No,0.35,0,High,High,0.7337033874040627,0.9957279899493369,-1.4319700861512195,-1.6206513038016013
S1385,Female,22,CSE,78,1.5,19,25,4,High,No,5.51,0,High,Medium,0.1739449381162028,-0.9115611652922253,0.4136494867841367,0.17175873396814514
S1386,Male,23,Civil,71,4.0,15,51,8,High,Yes,4.38,1,Moderate,High,-0.3158437050106747,0.6265752502251637,-0.0477554064497023,-0.22076516965197368
S1387,Male,19,Civil,53,0.6,14,92,10,High,No,8.39,1,Low,Low,-1.5753002159083596,-1.4652902748784853,-0.16310662975816206,1.1721736387698642
S1388,Male,21,Mech,69,1.5,26,21,8,Medium,Yes,1.61,0,Moderate,Medium,-0.4557833173326397,-0.9115611652922253,1.221108049943355,-1.182969782950849
S1389,Male,22,CSE,81,4.7,14,20,0,Low,No,0.25,0,High,High,0.3838543565991503,1.0572534465700327,-0.16310662975816206,-1.6553879324405496
S1390,Male,22,CSE,85,5.2,5,50,10,High,Yes,4.49,1,High,High,0.6637335812430802,1.3648807296735106,-1.2012676395342998,-0.18255487814913013
S1391,Male,22,Mech,99,3.7,14,37,2,High,No,2.37,0,Very_High,High,1.6433108674968353,0.4419988803630771,-0.16310662975816206,-0.9189714052948399
S1392,Female,24,EEE,53,3.0,13,19,8,Medium,No,0.5,0,Low,Medium,-1.5753002159083596,0.011320684018208103,-0.2784578530666218,-1.5685463608431782
S1393,Female,22,EEE,76,1.0,27,28,10,High,Yes,7.25,0,High,Low,0.03400532579423779,-1.2191884483957032,1.3364592732518148,0.7761760722858504
S1394,Male,23,EEE,66,0.4,10,50,1,Low,No,1.12,1,Moderate,Low,-0.6656927358155872,-1.5883411881198766,-0.6245115229920011,-1.353179263281697
S1395,Female,22,Mech,61,0.7,6,3,3,Medium,No,6.08,0,Moderate,Low,-1.0155417666204998,-1.40376481825779,-1.0859164162258401,0.3697575172101521
S1396,Female,20,CSE,71,1.4,8,54,3,Low,No,2.81,1,Moderate,Medium,-0.3158437050106747,-0.9730866219129208,-0.8552139696089206,-0.7661302392834662
S1397,Female,21,Mech,66,2.1,25,70,1,Low,Yes,1.73,1,Moderate,Medium,-0.6656927358155872,-0.5424084255680519,1.1057568266348952,-1.1412858285841108
S1398,Female,22,Mech,59,2.3,15,91,2,Medium,No,3.8,1,Low,Medium,-1.1554813789424647,-0.4193575123266609,-0.0477554064497023,-0.42223761575787544
S1399,Male,21,EEE,50,2.1,4,27,2,High,Yes,8.01,0,Low,Medium,-1.785209634391307,-0.5424084255680519,-1.3166188628427595,1.0401744499418595
S1400,Female,20,ECE,71,1.4,24,3,0,Low,No,3.92,0,Moderate,Medium,-0.3158437050106747,-0.9730866219129208,0.9904056033264355,-0.3805536613911371
S1401,Female,20,CSE,75,3.1,19,21,5,Low,No,7.51,0,Moderate,High,-0.03596448036674471,0.07284614063890371,0.4136494867841367,0.8664913067471166
S1402,Male,21,EEE,67,5.0,28,75,7,Low,Yes,1.25,1,Moderate,High,-0.5957229296546047,1.2418298164321193,1.4518104965602745,-1.3080216460510639
S1403,Male,18,ECE,99,1.7,9,44,2,Low,No,7.73,1,Very_High,Medium,1.6433108674968353,-0.7885102520508341,-0.7398627463004608,0.9429118897528037
S1404,Female,19,ECE,63,5.7,17,66,4,Medium,No,2.37,1,Moderate,High,-0.8756021542985347,1.6725080127769882,0.18294704016721722,-0.9189714052948399
S1405,Female,24,Civil,96,5.2,2,85,0,Medium,Yes,6.77,1,Very_High,High,1.4334014490138878,1.3648807296735106,-1.5473213094596792,0.6094402548188971
S1406,Female,18,CSE,78,1.0,12,65,9,Low,No,5.66,1,High,Low,0.1739449381162028,-1.2191884483957032,-0.39380907637508156,0.22386367692656814
S1407,Female,18,ECE,61,4.7,10,87,6,High,Yes,9.29,1,Moderate,High,-1.0155417666204998,1.0572534465700327,-0.6245115229920011,1.484803296520401
S1408,Female,23,EEE,85,3.4,16,33,9,Low,Yes,3.87,0,High,High,0.6637335812430802,0.2574225105009903,0.06759581685875746,-0.39792197571061133
S1409,Female,24,Civil,84,3.4,29,90,0,High,Yes,0.66,1,High,High,0.5937637750820978,0.2574225105009903,1.5671617198687342,-1.5129677550208604
S1410,Male,24,CSE,61,2.3,29,54,10,Low,No,0.19,1,Moderate,Medium,-1.0155417666204998,-0.4193575123266609,1.5671617198687342,-1.6762299096239186
S1411,Female,18,Mech,56,3.0,21,0,8,High,Yes,8.27,0,Low,Medium,-1.3653907974254123,0.011320684018208103,0.6443519334010562,1.1304896844031256
S1412,Female,22,EEE,78,2.4,12,71,7,Low,Yes,5.25,1,High,Medium,0.1739449381162028,-0.3578320557059653,-0.39380907637508156,0.08144349950687894
S1413,Male,23,ECE,60,3.2,5,86,6,High,No,7.75,1,Low,High,-1.0855115727814821,0.13437159725959932,-1.2012676395342998,0.9498592154805933
S1414,Male,23,ECE,82,3.8,16,37,9,Low,Yes,2.34,0,High,High,0.45382416276013277,0.5035243369837724,0.06759581685875746,-0.9293923938865245
S1415,Male,20,EEE,55,4.0,26,5,6,Low,No,3.45,0,Low,High,-1.4353606035863946,0.6265752502251637,1.221108049943355,-0.5438158159941953
S1416,Male,24,ECE,96,3.2,12,85,4,High,No,0.3,1,Very_High,High,1.4334014490138878,0.13437159725959932,-0.39380907637508156,-1.6380196181210753
S1417,Female,18,Civil,64,4.3,18,24,4,Medium,No,9.61,0,Moderate,High,-0.8056323481375521,0.8111516200872503,0.29829826347567695,1.5959605081650365
S1418,Female,20,CSE,81,0.8,20,81,10,High,No,6.68,1,High,Low,0.3838543565991503,-1.342239361637094,0.5290007100925965,0.5781772890438435
S1419,Female,21,Civil,100,1.3,18,16,4,Medium,Yes,9.33,0,Very_High,Medium,1.7132806736578177,-1.0346120785336164,0.29829826347567695,1.4986979479759808
S1420,Female,19,ECE,60,4.9,9,60,0,Low,Yes,2.65,1,Low,High,-1.0855115727814821,1.180304359811424,-0.7398627463004608,-0.821708845105784
S1421,Female,23,Mech,72,1.9,2,11,7,High,Yes,6.11,0,Moderate,Medium,-0.2458738988496922,-0.6654593388094431,-1.5473213094596792,0.38017850580183676
S1422,Female,21,CSE,75,0.1,13,5,10,High,Yes,6.78,0,Moderate,Low,-0.03596448036674471,-1.772917557981963,-0.2784578530666218,0.6129139176827921
S1423,Male,21,CSE,83,0.9,25,89,0,High,Yes,3.18,1,High,Low,0.5237939689211153,-1.2807139050163987,1.1057568266348952,-0.6376047133193564
S1424,Female,22,EEE,95,1.3,18,26,3,Medium,No,8.48,0,Very_High,Medium,1.3634316428529052,-1.0346120785336164,0.29829826347567695,1.2034366045449179
S1425,Male,19,EEE,83,5.7,4,7,8,Medium,Yes,9.47,0,High,High,0.5237939689211153,1.6725080127769882,-1.3166188628427595,1.5473292280705089
S1426,Male,21,Mech,78,3.4,28,82,8,Low,Yes,8.85,1,High,High,0.1739449381162028,0.2574225105009903,1.4518104965602745,1.3319621305090275
S1427,Female,21,CSE,53,5.6,4,64,4,Medium,Yes,7.39,1,Low,High,-1.5753002159083596,1.6109825561562925,-1.3166188628427595,0.8248073523803783
S1428,Male,19,Mech,66,3.5,19,56,3,Medium,No,2.77,1,Moderate,High,-0.6656927358155872,0.3189479671216859,0.4136494867841367,-0.7800248907390457
S1429,Female,19,EEE,84,2.9,16,92,2,Low,No,2.82,1,High,Medium,0.5937637750820978,-0.05020477260248751,0.06759581685875746,-0.7626565764195714
S1430,Male,21,EEE,62,1.9,20,98,2,High,Yes,9.63,1,Moderate,Medium,-0.9455719604595172,-0.6654593388094431,0.5290007100925965,1.6029078338928267
S1431,Female,19,CSE,90,3.6,9,39,4,High,No,0.1,0,High,High,1.0135826120479927,0.3804734237423815,-0.7398627463004608,-1.7074928753989727
S1432,Male,21,Civil,88,0.8,4,13,9,Low,Yes,7.16,0,High,Low,0.8736429997260278,-1.342239361637094,-1.3166188628427595,0.7449131065107967
S1433,Female,21,ECE,64,5.4,3,34,0,High,Yes,7.06,0,Moderate,High,-0.8056323481375521,1.4879316429149017,-1.4319700861512195,0.7101764778718479
S1434,Female,22,EEE,78,5.0,5,47,4,Medium,No,6.23,1,High,High,0.1739449381162028,1.2418298164321193,-1.2012676395342998,0.4218624601685751
S1435,Female,18,EEE,78,1.9,25,83,5,Low,No,9.9,1,High,Medium,0.1739449381162028,-0.6654593388094431,1.1057568266348952,1.6966967312179877
S1436,Female,21,Civil,60,5.7,3,55,6,Low,Yes,3.12,1,Low,High,-1.0855115727814821,1.6725080127769882,-1.4319700861512195,-0.6584466905027256
S1437,Female,20,Civil,81,5.0,29,48,8,Low,Yes,3.4,1,High,High,0.3838543565991503,1.2418298164321193,1.5671617198687342,-0.5611841303136696
S1438,Male,23,Mech,51,4.0,6,12,2,High,No,0.79,0,Low,High,-1.7152398282303247,0.6265752502251637,-1.0859164162258401,-1.4678101377902273
S1439,Male,24,Mech,96,0.7,6,60,1,Low,Yes,4.43,1,Very_High,Low,1.4334014490138878,-1.40376481825779,-1.0859164162258401,-0.20339685533249946
S1440,Male,18,ECE,63,2.9,17,48,2,Low,No,2.61,1,Moderate,Medium,-0.8756021542985347,-0.05020477260248751,0.18294704016721722,-0.8356034965613633
S1441,Female,18,ECE,69,3.0,2,45,8,Low,Yes,3.43,1,Moderate,Medium,-0.4557833173326397,0.011320684018208103,-1.5473213094596792,-0.550763141721985
S1442,Male,18,CSE,71,1.4,0,61,6,High,No,8.35,1,Moderate,Medium,-0.3158437050106747,-0.9730866219129208,-1.7780237560765986,1.1582789873142845
S1443,Female,22,Mech,60,0.5,23,7,8,Medium,Yes,9.35,0,Low,Low,-1.0855115727814821,-1.5268157314991808,0.8750543800179758,1.5056452737037702
S1444,Female,21,EEE,76,4.7,24,42,1,Low,Yes,1.86,1,High,High,0.03400532579423779,1.0572534465700327,0.9904056033264355,-1.0961282113534776
S1445,Male,22,Mech,52,0.7,3,19,4,Medium,No,3.73,0,Low,Low,-1.6452700220693421,-1.40376481825779,-1.4319700861512195,-0.4465532558051394
S1446,Male,21,EEE,66,3.6,5,96,3,High,Yes,9.29,1,Moderate,High,-0.6656927358155872,0.3804734237423815,-1.2012676395342998,1.484803296520401
S1447,Female,22,Civil,93,5.6,8,89,1,High,Yes,0.62,1,Very_High,High,1.2234920305309402,1.6109825561562925,-0.8552139696089206,-1.52686240647644
S1448,Male,22,Mech,77,5.3,21,38,8,High,No,0.92,0,High,High,0.10397513195522029,1.426406186294206,0.6443519334010562,-1.4226525205595943
S1449,Female,23,Civil,78,1.7,13,84,8,High,Yes,1.63,1,High,Medium,0.1739449381162028,-0.7885102520508341,-0.2784578530666218,-1.1760224572230593
S1450,Female,20,ECE,70,5.1,27,48,5,Medium,Yes,5.95,1,Moderate,High,-0.3858135111716572,1.3033552730528146,1.3364592732518148,0.324599899979519
S1451,Female,22,ECE,96,0.0,11,63,10,Low,Yes,1.5,1,Very_High,Low,1.4334014490138878,-1.8344430146026587,-0.5091602996835414,-1.2211800744536925
S1452,Female,23,CSE,65,0.1,27,61,5,High,No,9.68,1,Moderate,Low,-0.7356625419765697,-1.772917557981963,1.3364592732518148,1.6202761482123005
S1453,Female,19,Mech,86,3.6,24,53,7,High,No,4.47,1,High,High,0.7337033874040627,0.3804734237423815,0.9904056033264355,-0.18950220387692002
S1454,Male,20,Civil,69,2.2,30,8,5,Medium,No,5.02,0,Moderate,Medium,-0.4557833173326397,-0.48088296894735627,1.6825129431771941,0.0015492536372970745
S1455,Male,22,EEE,55,2.3,19,87,0,Medium,Yes,2.47,1,Low,Medium,-1.4353606035863946,-0.4193575123266609,0.4136494867841367,-0.8842347766558913
S1456,Female,24,ECE,68,3.4,23,36,3,High,Yes,4.71,0,Moderate,High,-0.5257531234936222,0.2574225105009903,0.8750543800179758,-0.10613429514344336
S1457,Female,18,ECE,54,1.2,24,48,6,Low,Yes,6.62,1,Low,Medium,-1.5053304097473772,-1.096137535154312,0.9904056033264355,0.5573353118604744
S1458,Male,19,EEE,52,1.3,3,40,1,Low,Yes,7.51,1,Low,Medium,-1.6452700220693421,-1.0346120785336164,-1.4319700861512195,0.8664913067471166
S1459,Male,19,Civil,50,2.9,20,16,8,High,No,7.54,0,Low,Medium,-1.785209634391307,-0.05020477260248751,0.5290007100925965,0.8769122953388012
S1460,Female,23,Civil,87,4.5,29,87,7,Medium,Yes,5.78,1,High,High,0.8036731935650453,0.9342025333286414,1.5671617198687342,0.26554763129330644
S1461,Male,19,Mech,64,3.7,23,20,7,High,Yes,9.04,0,Moderate,High,-0.8056323481375521,0.4419988803630771,0.8750543800179758,1.3979617249230296
S1462,Female,20,Mech,83,1.8,11,50,6,High,Yes,8.17,1,High,Medium,0.5237939689211153,-0.7269847954301386,-0.5091602996835414,1.0957530557641773
S1463,Male,22,CSE,84,2.6,9,58,3,Medium,No,7.57,1,High,Medium,0.5937637750820978,-0.23478114246457407,-0.7398627463004608,0.8873332839304859
S1464,Female,22,ECE,98,1.0,29,38,1,High,Yes,0.56,0,Very_High,Low,1.5733410613358527,-1.2191884483957032,1.5671617198687342,-1.547704383659809
S1465,Male,24,Mech,74,0.4,21,54,2,High,Yes,0.07,1,Moderate,Low,-0.10593428652772721,-1.5883411881198766,0.6443519334010562,-1.717913863990657
S1466,Female,18,Civil,73,4.7,27,40,5,High,Yes,2.12,1,Moderate,High,-0.1759040926887097,1.0572534465700327,1.3364592732518148,-1.0058129768922113
S1467,Male,23,EEE,61,1.6,6,38,4,Medium,Yes,6.64,0,Moderate,Medium,-1.0155417666204998,-0.8500357086715297,-1.0859164162258401,0.564282637588264
S1468,Male,18,Civil,67,1.1,2,12,7,Low,Yes,4.11,0,Moderate,Medium,-0.5957229296546047,-1.1576629917750074,-1.5473213094596792,-0.31455406697713467
S1469,Female,19,ECE,64,4.1,22,63,5,Low,No,4.02,1,Moderate,High,-0.8056323481375521,0.688100706845859,0.7597031567095159,-0.34581703275218867
S1470,Male,24,Civil,93,3.7,27,10,5,Medium,Yes,8.85,0,Very_High,High,1.2234920305309402,0.4419988803630771,1.3364592732518148,1.3319621305090275
S1471,Female,18,CSE,65,3.8,13,18,0,Low,Yes,8.96,0,Moderate,High,-0.7356625419765697,0.5035243369837724,-0.2784578530666218,1.3701724220118712
S1472,Male,20,ECE,76,1.4,23,10,3,High,Yes,9.09,0,High,Medium,0.03400532579423779,-0.9730866219129208,0.8750543800179758,1.4153300392425041
S1473,Female,22,EEE,57,1.4,9,76,4,Low,Yes,3.14,1,Low,Medium,-1.2954209912644297,-0.9730866219129208,-0.7398627463004608,-0.6514993647749359
S1474,Male,19,CSE,95,1.3,15,45,10,High,Yes,6.91,1,Very_High,Medium,1.3634316428529052,-1.0346120785336164,-0.0477554064497023,0.6580715349134253
S1475,Female,24,ECE,74,1.0,15,44,2,Low,Yes,2.72,1,Moderate,Low,-0.10593428652772721,-1.2191884483957032,-0.0477554064497023,-0.7973932050585198
S1476,Male,18,EEE,66,3.9,21,0,8,Medium,Yes,1.91,0,Moderate,High,-0.6656927358155872,0.565049793604468,0.6443519334010562,-1.0787598970340033
S1477,Female,23,CSE,78,5.1,30,39,0,Low,Yes,1.85,0,High,High,0.1739449381162028,1.3033552730528146,1.6825129431771941,-1.0996018742173725
S1478,Male,20,CSE,57,4.3,9,18,5,Low,Yes,3.42,0,Low,High,-1.2954209912644297,0.8111516200872503,-0.7398627463004608,-0.55423680458588
S1479,Female,20,ECE,64,4.8,24,75,5,Low,Yes,4.3,1,Moderate,High,-0.8056323481375521,1.118778903190728,0.9904056033264355,-0.24855447256313257
S1480,Female,18,Mech,76,2.4,12,71,9,Medium,No,8.31,1,High,Medium,0.03400532579423779,-0.3578320557059653,-0.39380907637508156,1.1443843358587054
S1481,Female,22,CSE,95,3.9,5,71,4,Low,No,1.2,1,Very_High,High,1.3634316428529052,0.565049793604468,-1.2012676395342998,-1.3253899603705381
S1482,Male,18,CSE,99,2.1,11,60,4,Medium,No,7.35,1,Very_High,Medium,1.6433108674968353,-0.5424084255680519,-0.5091602996835414,0.8109127009247988
S1483,Female,19,EEE,56,3.2,8,11,9,High,No,5.31,0,Low,High,-1.3653907974254123,0.13437159725959932,-0.8552139696089206,0.10228547669024794
S1484,Male,18,Civil,52,2.9,12,60,4,Low,Yes,2.88,1,Low,Medium,-1.6452700220693421,-0.05020477260248751,-0.39380907637508156,-0.7418145992362023
S1485,Female,20,ECE,78,1.1,3,32,5,Medium,No,4.93,0,High,Medium,0.1739449381162028,-1.1576629917750074,-1.4319700861512195,-0.02971371213775659
S1486,Male,24,ECE,93,2.3,23,44,7,Medium,No,3.0,1,Very_High,Medium,1.2234920305309402,-0.4193575123266609,0.8750543800179758,-0.700130644869464
S1487,Female,18,Mech,73,5.8,10,89,1,Low,Yes,5.96,1,Moderate,High,-0.1759040926887097,1.7340334693976835,-0.6245115229920011,0.32807356284341377
S1488,Male,22,Mech,52,1.5,19,91,5,High,No,4.34,1,Low,Medium,-1.6452700220693421,-0.9115611652922253,0.4136494867841367,-0.23465982110755312
S1489,Male,24,ECE,69,0.8,17,68,0,Medium,No,1.64,1,Moderate,Low,-0.4557833173326397,-1.342239361637094,0.18294704016721722,-1.1725487943591646
S1490,Female,23,Mech,95,2.5,25,7,3,Low,Yes,1.17,0,Very_High,Medium,1.3634316428529052,-0.2963065990852697,1.1057568266348952,-1.3358109489622227
S1491,Male,21,EEE,64,4.7,10,24,9,High,Yes,5.47,0,Moderate,High,-0.8056323481375521,1.0572534465700327,-0.6245115229920011,0.1578640825125657
S1492,Male,18,ECE,74,3.5,24,90,2,Medium,Yes,9.02,1,Moderate,High,-0.10593428652772721,0.3189479671216859,0.9904056033264355,1.39101439919524
S1493,Female,22,Mech,79,4.1,20,45,8,Medium,No,3.44,1,High,High,0.2439147442771853,0.688100706845859,0.5290007100925965,-0.5472894788580902
S1494,Male,24,ECE,63,1.1,3,86,2,High,No,7.33,1,Moderate,Medium,-0.8756021542985347,-1.1576629917750074,-1.4319700861512195,0.8039653751970093
S1495,Male,22,Civil,56,3.7,17,29,5,High,Yes,6.59,0,Low,High,-1.3653907974254123,0.4419988803630771,0.18294704016721722,0.5469143232687897
S1496,Male,23,CSE,66,1.9,0,46,0,Low,Yes,9.32,1,Moderate,Medium,-0.6656927358155872,-0.6654593388094431,-1.7780237560765986,1.4952242851120858
S1497,Female,20,ECE,93,5.0,26,86,5,Low,No,8.21,1,Very_High,High,1.2234920305309402,1.2418298164321193,1.221108049943355,1.109647707219757
S1498,Male,22,CSE,69,3.8,6,48,3,Medium,Yes,5.67,1,Moderate,High,-0.4557833173326397,0.5035243369837724,-1.0859164162258401,0.22733733979046292
S1499,Female,24,Mech,85,1.2,5,46,7,High,No,6.57,1,High,Medium,0.6637335812430802,-1.096137535154312,-1.2012676395342998,0.5399669975410002
